{
  "trigger": {
    "atk": [
      233,
      1423,
      16.373858046380885
    ],
    "safe": [
      24,
      500,
      4.8
    ]
  },
  "subject": {
    "atk": [
      127,
      1423,
      8.924806746310612
    ],
    "safe": [
      19,
      500,
      3.8
    ]
  },
  "intersect": {
    "atk": [
      124,
      1423,
      8.713984539704848
    ],
    "safe": [
      17,
      500,
      3.4000000000000004
    ]
  },
  "union": {
    "atk": [
      236,
      1423,
      16.584680252986647
    ],
    "safe": [
      25,
      500,
      5.0
    ]
  }
}